<application>
  <component name="LocalDatabaseDriverManager" version="201">
    <driver id="duckdb">
      <artifact id="DuckDB" name="DuckDB" use="true" version="0.7.0" />
    </driver>
    <driver id="postgresql">
      <artifact id="PostgreSQL" name="PostgreSQL" use="true" version="42.6.0" />
    </driver>
    <driver id="sqlite.xerial">
      <artifact id="Xerial SQLiteJDBC" name="Xerial SQLiteJDBC" use="true" version="3.43.0" />
      <library>
        <url>file://$APPLICATION_CONFIG_DIR$/jdbc-drivers/Xerial SQLiteJDBC/3.43.0/sqlite-jdbc-3.43.0.0.jar</url>
      </library>
    </driver>
  </component>
</application>