<application>
  <component name="FeatureSuggesterSettings">
    <option name="workingDays">
      <list>
        <option value="1652256229975" />
        <option value="1652339096586" />
        <option value="1652685747692" />
        <option value="1652770819553" />
        <option value="1652857832139" />
        <option value="1653047919866" />
        <option value="1653296275550" />
        <option value="1653376901904" />
        <option value="1653466005021" />
        <option value="1653894089657" />
        <option value="1653987854618" />
        <option value="1654071371013" />
        <option value="1654260403777" />
        <option value="1654591116036" />
        <option value="1654673785820" />
      </list>
    </option>
  </component>
</application>