<application>
  <component name="SonarLintGlobalSettings">
    <option name="rulesByKey">
      <map>
        <entry key="javascript:S3317">
          <value>
            <Rule active="false" key="javascript:S3317" />
          </value>
        </entry>
        <entry key="javascript:S3776">
          <value>
            <Rule active="false" key="javascript:S3776" />
          </value>
        </entry>
      </map>
    </option>
    <option name="secretsNeverBeenAnalysed" value="false" />
    <rules>
      <Rule active="false" key="javascript:S3776" />
      <Rule active="false" key="javascript:S3317" />
    </rules>
  </component>
</application>