<application>
  <component name="Trusted.Paths">
    <option name="TRUSTED_PROJECT_PATHS">
      <map>
        <entry key="C:\Users\Marph\source\airmaster\airlinq-web" value="true" />
        <entry key="C:\Users\Marph\source\airmaster\functions" value="true" />
        <entry key="C:\Users\Marph\source\coding-assistant" value="true" />
        <entry key="C:\Users\Marph\source\danish-company-graph" value="true" />
        <entry key="C:\Users\Marph\source\echoserver" value="true" />
        <entry key="C:\Users\Marph\source\fitnesscenter-economy-app" value="true" />
      </map>
    </option>
  </component>
  <component name="Trusted.Paths.Settings">
    <option name="TRUSTED_PATHS">
      <list>
        <option value="C:\Users\Marph\source\airmaster" />
        <option value="C:\Users\Marph\source" />
      </list>
    </option>
  </component>
</application>