<application>
  <component name="DimensionService">
    <location key="find.popup.0.0.1920.1080" x="246" y="54" />
    <size key="GridCell.Tab.0.left.0.0.1920.1080" width="1854" height="223" />
    <size key="GridCell.Tab.0.center.0.0.1920.1080" width="1854" height="223" />
    <size key="GridCell.Tab.0.right.0.0.1920.1080" width="1854" height="223" />
    <size key="GridCell.Tab.0.bottom.0.0.1920.1080" width="1854" height="223" />
    <size key="find.popup.0.0.1920.1080" width="649" height="576" />
    <size key="GridCell.Tab.1.left.0.0.1920.1080" width="1838" height="396" />
    <size key="GridCell.Tab.1.center.0.0.1920.1080" width="1838" height="396" />
    <size key="GridCell.Tab.1.right.0.0.1920.1080" width="1838" height="396" />
    <size key="GridCell.Tab.1.bottom.0.0.1920.1080" width="1838" height="396" />
    <size key="GridCell.Tab.2.left.0.0.1920.1080" width="1838" height="396" />
    <size key="GridCell.Tab.2.center.0.0.1920.1080" width="1838" height="396" />
    <size key="GridCell.Tab.2.right.0.0.1920.1080" width="1838" height="396" />
    <size key="GridCell.Tab.2.bottom.0.0.1920.1080" width="1838" height="396" />
    <size key="GridCell.Tab.3.left.0.0.1920.1080" width="1838" height="396" />
    <size key="GridCell.Tab.3.center.0.0.1920.1080" width="1838" height="396" />
    <size key="GridCell.Tab.3.right.0.0.1920.1080" width="1838" height="396" />
    <size key="GridCell.Tab.3.bottom.0.0.1920.1080" width="1838" height="396" />
  </component>
  <component name="WindowManager">
    <frame x="-8" y="-8" width="1936" height="1048" extendedState="6" />
  </component>
  <component name="WindowStateApplicationService">
    <state width="391" height="139" key="ShowUsagesActions.dimensionServiceKey" timestamp="1743178992229">
      <screen x="0" y="0" width="1920" height="1032" />
    </state>
    <state width="391" height="139" key="ShowUsagesActions.dimensionServiceKey/0.0.1920.1032" timestamp="1743178992229" />
    <state width="300" height="524" key="manage.recent.projects.popup" timestamp="1749130297224">
      <screen x="0" y="0" width="1920" height="1032" />
    </state>
    <state width="300" height="524" key="manage.recent.projects.popup/0.0.1920.1032/-1920.0.1920.1032" timestamp="1749130297224" />
  </component>
</application>