<keymap version="1" name="Custom" parent="$default">
  <action id="Back">
    <keyboard-shortcut first-keystroke="ctrl alt left" />
    <mouse-shortcut keystroke="button4" />
    <keyboard-shortcut first-keystroke="ctrl o" />
  </action>
  <action id="CloseContent">
    <keyboard-shortcut first-keystroke="ctrl f4" />
    <keyboard-shortcut first-keystroke="ctrl w" />
  </action>
  <action id="EditorSelectWord" />
  <action id="FileChooser.TogglePathShowing" />
  <action id="Forward">
    <keyboard-shortcut first-keystroke="ctrl alt right" />
    <mouse-shortcut keystroke="button5" />
    <keyboard-shortcut first-keystroke="ctrl i" />
  </action>
  <action id="Generate.Missing.Members.ES6" />
  <action id="Generate.Missing.Members.TypeScript" />
  <action id="HideActiveWindow">
    <keyboard-shortcut first-keystroke="shift escape" />
    <keyboard-shortcut first-keystroke="alt w" />
  </action>
  <action id="HippieCompletion">
    <keyboard-shortcut first-keystroke="alt slash" />
    <keyboard-shortcut first-keystroke="ctrl p" />
  </action>
  <action id="ImplementMethods" />
  <action id="OverrideMethods" />
  <action id="ParameterInfo" />
  <action id="Replace">
    <keyboard-shortcut first-keystroke="ctrl r" />
    <keyboard-shortcut first-keystroke="ctrl h" />
  </action>
  <action id="ShowErrorDescription">
    <keyboard-shortcut first-keystroke="ctrl f1" />
    <keyboard-shortcut first-keystroke="ctrl comma" />
  </action>
  <action id="SmartSelect" />
  <action id="TableResult.GrowSelection" />
  <action id="TypeHierarchy" />
  <action id="TypeHierarchyBase.BaseOnThisType" />
  <action id="UsageFiltering.Imports" />
  <action id="UsageFiltering.WriteAccess" />
  <action id="org.intellij.plugins.markdown.ui.actions.styling.ToggleItalicAction" />
</keymap>