<keymap version="1" name="Custom" parent="$default">
  <action id="Back">
    <keyboard-shortcut first-keystroke="ctrl alt left" />
    <mouse-shortcut keystroke="button4" />
    <keyboard-shortcut first-keystroke="ctrl o" />
  </action>
  <action id="ChangesView.ShelveSilently" />
  <action id="ChooseRunConfiguration">
    <keyboard-shortcut first-keystroke="shift alt f10" />
    <keyboard-shortcut first-keystroke="ctrl #10000c6" />
  </action>
  <action id="CloseContent">
    <keyboard-shortcut first-keystroke="ctrl f4" />
    <keyboard-shortcut first-keystroke="ctrl w" />
  </action>
  <action id="CollapseExpandableComponent">
    <keyboard-shortcut first-keystroke="ctrl subtract" />
    <keyboard-shortcut first-keystroke="ctrl minus" />
  </action>
  <action id="CollapseTreeNode">
    <keyboard-shortcut first-keystroke="subtract" />
    <keyboard-shortcut first-keystroke="x" />
  </action>
  <action id="Console.TableResult.EditValueMaximized" />
  <action id="Console.TableResult.MaximizeEditingCell" />
  <action id="DatabaseView.PropertiesAction" />
  <action id="EditorSelectWord" />
  <action id="EditorStartNewLine" />
  <action id="ExpandExpandableComponent">
    <keyboard-shortcut first-keystroke="ctrl add" />
    <keyboard-shortcut first-keystroke="ctrl equals" />
  </action>
  <action id="ExpandTreeNode">
    <keyboard-shortcut first-keystroke="add" />
    <keyboard-shortcut first-keystroke="l" />
  </action>
  <action id="FileChooser.TogglePathShowing" />
  <action id="Forward">
    <keyboard-shortcut first-keystroke="ctrl alt right" />
    <mouse-shortcut keystroke="button5" />
    <keyboard-shortcut first-keystroke="ctrl i" />
  </action>
  <action id="FullyExpandTreeNode">
    <keyboard-shortcut first-keystroke="multiply" />
    <keyboard-shortcut first-keystroke="o" />
  </action>
  <action id="Generate.Missing.Members.ES6" />
  <action id="Generate.Missing.Members.TypeScript" />
  <action id="HideActiveWindow">
    <keyboard-shortcut first-keystroke="shift escape" />
    <keyboard-shortcut first-keystroke="alt w" />
  </action>
  <action id="HippieCompletion">
    <keyboard-shortcut first-keystroke="alt slash" />
    <keyboard-shortcut first-keystroke="ctrl p" />
  </action>
  <action id="ImplementMethods" />
  <action id="JupyterNotebookCollapseOutputsCommandModeAction" />
  <action id="JupyterNotebookCutCellCommandModeAction">
    <keyboard-shortcut first-keystroke="ctrl x" />
  </action>
  <action id="JupyterSelectCellAboveCommandModeAction" />
  <action id="JupyterSelectCellBelowCommandModeAction" />
  <action id="MethodHierarchy" />
  <action id="MethodHierarchy.BaseOnThisMethod" />
  <action id="MoveLineDown">
    <keyboard-shortcut first-keystroke="shift alt down" />
    <keyboard-shortcut first-keystroke="alt j" />
  </action>
  <action id="MoveLineUp">
    <keyboard-shortcut first-keystroke="shift alt up" />
    <keyboard-shortcut first-keystroke="alt k" />
  </action>
  <action id="NextTab">
    <keyboard-shortcut first-keystroke="alt right" />
    <keyboard-shortcut first-keystroke="alt l" />
  </action>
  <action id="OpenInRightSplit">
    <mouse-shortcut keystroke="alt button1 doubleClick" />
  </action>
  <action id="OverrideMethods" />
  <action id="ParameterInfo" />
  <action id="PreviousTab">
    <keyboard-shortcut first-keystroke="alt left" />
    <keyboard-shortcut first-keystroke="alt h" />
  </action>
  <action id="Replace">
    <keyboard-shortcut first-keystroke="ctrl r" />
    <keyboard-shortcut first-keystroke="ctrl h" />
  </action>
  <action id="ReplaceInPath">
    <keyboard-shortcut first-keystroke="shift ctrl r" />
    <keyboard-shortcut first-keystroke="shift ctrl h" />
  </action>
  <action id="SelectNextOccurrence" />
  <action id="ShowErrorDescription">
    <keyboard-shortcut first-keystroke="ctrl f1" />
    <keyboard-shortcut first-keystroke="ctrl comma" />
  </action>
  <action id="ShowPopupMenu">
    <keyboard-shortcut first-keystroke="context_menu" />
    <keyboard-shortcut first-keystroke="shift enter" />
    <keyboard-shortcut first-keystroke="shift alt enter" />
  </action>
  <action id="SmartSelect" />
  <action id="SplitChooser" />
  <action id="SurroundWithEmmet">
    <keyboard-shortcut first-keystroke="shift ctrl alt m" />
  </action>
  <action id="TableResult.GrowSelection" />
  <action id="Tree-selectNext">
    <keyboard-shortcut first-keystroke="down" />
    <keyboard-shortcut first-keystroke="j" />
  </action>
  <action id="Tree-selectParent">
    <keyboard-shortcut first-keystroke="left" />
    <keyboard-shortcut first-keystroke="h" />
  </action>
  <action id="Tree-selectPrevious">
    <keyboard-shortcut first-keystroke="up" />
    <keyboard-shortcut first-keystroke="k" />
  </action>
  <action id="TypeHierarchy" />
  <action id="TypeHierarchyBase.BaseOnThisType" />
  <action id="UsageFiltering.Imports" />
  <action id="UsageFiltering.WriteAccess" />
  <action id="org.intellij.plugins.markdown.ui.actions.styling.ToggleItalicAction" />
</keymap>